epoch,steps,cos_sim-Accuracy@1,cos_sim-Accuracy@3,cos_sim-Accuracy@5,cos_sim-Accuracy@10,cos_sim-Precision@1,cos_sim-Recall@1,cos_sim-Precision@3,cos_sim-Recall@3,cos_sim-Precision@5,cos_sim-Recall@5,cos_sim-Precision@10,cos_sim-Recall@10,cos_sim-MRR@10,cos_sim-NDCG@10,cos_sim-MAP@100,dot_score-Accuracy@1,dot_score-Accuracy@3,dot_score-Accuracy@5,dot_score-Accuracy@10,dot_score-Precision@1,dot_score-Recall@1,dot_score-Precision@3,dot_score-Recall@3,dot_score-Precision@5,dot_score-Recall@5,dot_score-Precision@10,dot_score-Recall@10,dot_score-MRR@10,dot_score-NDCG@10,dot_score-MAP@100
-1,-1,0.35984095427435386,0.525844930417495,0.5815109343936382,0.6500994035785288,0.35984095427435386,0.35984095427435386,0.17528164347249833,0.525844930417495,0.11630218687872763,0.5815109343936382,0.06500994035785289,0.6500994035785288,0.45622258512417535,0.5030600053724334,0.46355582695619196,0.35984095427435386,0.525844930417495,0.5815109343936382,0.6500994035785288,0.35984095427435386,0.35984095427435386,0.17528164347249833,0.525844930417495,0.11630218687872763,0.5815109343936382,0.06500994035785289,0.6500994035785288,0.45622258512417535,0.5030600053724334,0.46355582695619196
